SEQN,Age,sex,Body_Mass_Index,diagnosed_or_not,HbA1c,Fasting_Glucose
130378,43,1,27,2,5.6,113
130379,66,1,33.5,2,5.6,99
130394,51,1,24.4,2,4.8,88
130396,56,2,27.3,2,5,104
130397,67,2,49.7,2,6.2,138
130398,47,1,28.7,2,5.8,107
130413,67,2,36.1,2,5.8,95
130416,59,2,32.9,2,5.3,91
130418,53,1,30.7,2,5.6,96
130422,66,1,26.8,2,5.2,98
130436,50,1,31.9,2,5.3,104
130437,43,2,37,2,5.5,99
130442,43,1,42.6,2,5.6,117
130443,41,1,24.9,2,5.3,83
130457,38,2,23,2,4.9,95
130478,69,2,16.7,2,5.8,84
130495,60,1,32.2,2,6.2,106
130522,58,1,28.3,2,5.6,99
130523,61,2,19.9,2,5.4,78
130525,70,1,22.6,2,5.7,120
130530,69,2,22.1,2,5.5,105
130537,62,1,27,2,5.8,106
130550,66,2,23.7,2,5.6,109
130555,64,1,27.1,2,5.4,99
130558,69,1,28.2,2,6,108
130559,66,1,24.5,2,5.3,98
130566,66,1,33.4,2,7.3,139
130570,56,1,36.9,2,5.5,104
130576,50,1,32.1,2,5.5,102
130577,61,2,32.4,2,6.1,76
130585,60,1,33.1,2,5.9,89
130599,54,2,50.2,2,6.1,99
130607,36,2,38.4,2,5.9,113
130609,40,2,23.6,2,5.7,92
130611,70,2,27.7,2,6,105
130621,68,1,30,2,6.2,117
130642,43,1,31.5,2,6.2,104
130645,47,2,19.1,2,5,89
130655,69,1,25.3,2,5.7,96
130656,64,2,33.6,2,5.9,97
130658,69,1,33.3,2,6.2,115
130662,52,2,30.9,2,5.5,94
130670,70,2,41.5,2,6.6,153
130683,62,2,24.8,2,5.5,96
130703,51,2,39.2,2,5.9,115
130705,64,1,38.1,2,5.6,104
130717,68,2,28.5,2,6.6,116
130720,46,2,23.8,2,5.4,95
130760,36,1,21.4,2,5.2,99
130761,43,2,21.9,2,5.5,106
130767,70,2,30.4,2,5.6,108
130771,57,1,20.9,2,5.8,104
130776,40,2,28,2,5.4,94
130781,66,1,32.3,2,6.2,107
130782,43,1,23,2,5.2,104
130791,52,2,36.8,2,5.8,102
130796,47,1,26.5,2,5.5,111
130801,56,1,20.7,2,5.4,103
130802,63,2,23,2,5.6,101
130807,60,2,20.9,2,5.2,91
130811,59,1,25.5,2,5.5,102
130832,63,2,32,2,5.2,99
130833,42,2,18.4,2,5.3,103
130843,46,1,21.5,2,5.4,88
130864,52,1,31.4,2,5.7,87
130881,46,2,28.3,2,5.2,100
130882,60,1,34.8,2,5.7,107
130884,64,2,32.4,2,5.2,102
130893,46,2,24.7,2,5.3,94
130899,51,2,38.2,2,5.5,123
130908,57,1,27.6,2,5.3,107
130912,43,2,36.6,2,5.9,128
130922,44,2,35.2,2,5.5,114
130924,41,2,34.2,2,5.8,104
130926,66,2,32.7,2,5.7,101
130930,62,1,25,2,5.9,98
130936,63,2,25.4,2,5.6,101
130943,70,2,37.9,2,5.3,90
130947,66,2,31.3,2,5.6,117
130956,43,1,27.5,2,5.3,90
130960,69,2,27.8,2,5.8,106
130964,58,2,27.2,2,5,103
130966,51,2,19.9,2,5.3,83
130968,35,2,37,2,5.2,90
130974,43,1,28.9,2,6.1,122
130981,51,2,27.9,2,5.3,113
131017,36,2,19.8,2,4.8,88
131019,46,2,66.5,2,6,97
131044,64,2,23.2,2,5.7,100
131046,43,1,23.8,2,5.5,102
131059,70,1,28.1,2,5.6,106
131065,65,1,28.1,2,5.6,108
131077,47,1,32.2,2,5.9,122
131083,52,2,40.7,2,5.8,118
131095,50,2,26.1,2,5.5,89
131099,62,2,42.4,2,6,104
131100,70,2,29.5,2,6,113
131108,68,2,20.2,2,5.5,99
131117,61,1,27.8,2,5.7,121
131120,62,2,21.4,2,5.6,98
131129,69,2,28.9,2,6.3,112
131131,55,1,25.3,2,5.3,95
131153,51,2,41,2,5.9,105
131187,59,1,32.6,2,6.3,105
131194,49,1,28.6,2,5.4,108
131197,59,1,36.8,2,6.5,103
131205,62,2,35.2,2,5.9,93
131208,61,1,27.8,2,5.7,112
131220,35,1,26,2,5,97
131240,48,2,23.5,2,5,98
131241,58,1,36.1,2,5.2,103
131242,35,2,48.3,2,5.5,105
131249,52,2,19.4,2,5.5,88
131251,65,2,26.4,2,5.7,99
131258,41,1,23.2,2,5.5,101
131263,48,1,23.7,2,4.5,100
131268,42,2,34.2,2,4.7,109
131273,63,1,28.2,2,5.8,92
131290,38,1,32,2,5.2,100
131291,62,2,27.7,2,5.2,91
131296,39,1,29.1,2,5.5,120
131300,41,2,36.5,2,5.3,92
131301,35,1,23.7,2,5.4,91
131302,56,2,33,2,5.7,91
131310,45,1,32.8,2,5.2,108
131318,58,2,35.1,2,5.3,90
131342,61,2,23.4,2,5.5,96
131350,66,1,29.4,2,5.7,109
131351,65,1,27.2,2,5.4,101
131352,35,1,31.1,2,5.4,90
131363,39,2,21.7,2,5.1,96
131387,69,2,29.9,2,5.4,107
131392,59,1,24.6,2,5.3,94
131393,49,1,26.7,2,5.4,95
131401,35,2,24.5,2,5,84
131410,59,2,25.3,2,5.2,97
131414,43,1,24.3,2,5,102
131416,41,2,23.5,2,4.5,84
131431,48,2,28.1,2,4.7,88
131462,64,2,32.4,2,5.4,88
131476,36,2,33.1,2,5.5,105
131483,53,2,24,2,5.3,101
131491,52,1,25.9,2,5.7,85
131495,70,2,26,2,5.4,100
131507,61,2,39.2,2,6.5,158
131510,61,2,23.2,2,5.3,87
131514,70,2,23.3,2,5.1,103
131520,47,1,50.1,2,5.4,109
131523,50,1,25.6,2,5.8,110
131540,63,2,25,2,5.5,107
131541,48,2,21.5,2,4.9,86
131548,50,2,27.3,2,5.2,106
131550,63,2,40.2,2,5.8,117
131551,65,2,32.7,2,5.9,107
131554,69,2,38.9,2,5.2,98
131557,61,2,34.9,2,6,92
131565,67,1,29.3,2,5.9,110
131567,66,2,19,2,5.6,101
131569,39,2,32.1,2,5.5,98
131584,44,2,27.2,2,5.4,91
131586,48,1,42.8,2,4.9,107
131592,53,1,28.5,2,5.2,116
131597,42,1,25.6,2,5.7,106
131605,59,2,41.6,2,5.4,93
131610,60,1,20.6,2,5.4,94
131615,35,2,32.8,2,5.4,95
131616,41,1,25.3,2,5.4,99
131626,39,2,22.2,2,5.2,93
131629,63,2,28.7,2,5.2,101
131630,39,1,29.2,2,5.8,140
131648,44,1,31.7,2,5.2,125
131656,43,2,25.9,2,5.1,103
131658,52,2,23.7,2,4.2,97
131664,56,1,38,2,4.7,109
131680,35,2,41.2,2,5.1,94
131690,44,1,31.3,2,5.7,92
131700,65,1,22.7,2,5.6,103
131701,46,2,42.1,2,6.6,110
131711,53,1,32.2,2,5.4,100
131713,62,2,25.1,2,5.7,102
131725,56,2,26.2,2,5.8,106
131745,48,2,18.6,2,6.4,96
131746,62,1,32.1,2,5.7,104
131756,41,2,31.9,2,6.3,112
131783,48,2,25.5,2,5.2,100
131790,45,1,28.5,2,5.2,100
131799,49,2,28,2,5,76
131804,40,2,22.6,2,5.4,94
131805,43,1,26.3,2,5.3,106
131822,70,1,21.3,2,5.6,106
131831,69,2,29.4,2,5.8,97
131837,59,1,25.7,2,5.8,108
131841,62,1,29.1,2,5.2,115
131844,40,2,30.4,2,5.6,102
131849,61,1,31.3,2,5.6,93
131851,53,2,46.4,2,5.9,98
131876,38,2,41.9,2,6.3,108
131902,61,1,29,2,5.8,100
131903,64,2,29.2,2,5.4,109
131912,60,2,26.8,2,5.9,109
131922,38,1,32,2,5.3,101
131926,59,1,27.1,2,5.3,110
131928,62,1,26.2,2,5.5,100
131939,67,2,21.4,2,5.7,89
131944,59,2,20.8,2,5.3,101
131962,44,2,27.1,2,5.3,94
131976,70,2,29.3,2,5.6,101
131985,44,2,30.6,2,5,94
131997,69,1,22.5,2,5.4,112
131998,55,2,33.5,2,5.3,86
132000,67,2,30.5,2,6,119
132001,64,1,23.8,2,5.1,101
132007,53,1,35.7,2,5.4,92
132014,54,2,69.9,2,5.4,96
132033,39,1,24.1,2,5.2,101
132041,38,1,29.7,2,5.7,94
132056,65,2,34.1,2,8.2,134
132085,65,2,26.8,2,5.2,94
132087,59,2,25,2,5.6,98
132092,52,1,23.9,2,5.7,94
132097,48,2,34.3,2,5.2,97
132098,49,2,37.6,2,5.8,100
132099,61,1,22,2,5.7,98
132101,52,1,24.6,2,5,108
132116,40,2,18.4,2,5.7,92
132124,42,2,34.8,2,6.2,106
132125,66,2,28,2,5.8,97
132141,56,2,29.1,2,5.4,89
132150,56,1,26.9,2,5.5,99
132159,68,1,23.8,2,5.4,116
132167,55,2,43.7,2,5.2,88
132180,51,2,29.3,2,5.5,98
132182,66,1,25.1,2,5.5,109
132189,63,1,29.9,2,6.2,109
132198,62,2,37.5,2,5.7,109
132215,39,2,44,2,5.4,92
132219,53,1,25.7,2,6,113
132220,42,1,18.7,2,5.3,110
132226,36,1,27.7,2,5.3,102
132233,40,1,34.9,2,5.6,106
132239,35,1,25.8,2,5.5,107
132245,61,2,24.2,2,5.4,107
132251,44,1,28.9,2,5,95
132262,60,2,29.6,2,5.3,95
132272,67,1,27.6,2,5.6,104
132278,69,1,25.9,2,5.5,103
132296,68,2,38.8,2,5.3,97
132297,51,2,25.3,2,5.2,95
132310,47,2,27.4,2,6.1,102
132311,51,1,22.7,2,5.9,109
132318,55,2,34.1,2,5.7,112
132325,40,1,34.2,2,5.2,106
132331,37,1,29.9,2,5.4,95
132337,49,2,36.1,2,5.6,100
132353,53,1,29.5,2,5.4,104
132356,49,1,23.5,2,5.6,92
132375,64,1,24,2,5.4,102
132382,35,1,23.1,2,3.9,94
132391,35,1,22.5,2,5.2,102
132408,37,1,31,2,4.7,97
132417,64,2,38,2,5.9,95
132419,36,2,32.7,2,5.7,96
132422,54,2,25.5,2,5.1,86
132425,55,2,34.2,2,5.9,98
132451,59,1,22.7,2,5.5,101
132462,38,2,28.2,2,4.3,100
132469,43,1,35.1,2,5.4,103
132477,58,1,30.2,2,5.3,87
132481,60,1,24.1,2,5.5,107
132486,51,2,42.4,2,5.6,94
132492,52,1,31.8,2,5.5,114
132508,46,2,22,2,5.4,98
132510,56,1,28.3,2,5.2,97
132516,68,1,30.1,2,5.3,109
132518,37,2,39.4,2,5.3,81
132522,64,2,41.4,2,5.6,122
132523,44,2,27.8,2,5.1,97
132524,41,1,25.8,2,5,93
132525,67,1,29.9,2,5.6,95
132534,48,2,19,2,5.3,97
132540,67,1,24.7,2,5.1,108
132546,49,1,29,2,5.7,99
132547,64,1,29.4,2,5.8,110
132550,62,2,22.6,2,5.8,87
132553,35,2,23.3,2,5.1,96
132566,67,1,25.8,2,5.6,112
132567,55,1,21.4,2,5.4,115
132572,42,1,27.3,2,5.4,103
132573,70,2,22.2,2,5.1,97
132583,40,1,38.6,2,5,103
132610,43,2,22,2,5.3,89
132633,66,2,26,2,4.8,102
132641,45,1,22.3,2,4.9,95
132647,35,1,27.1,2,5.3,102
132655,56,2,32.3,2,5.5,86
132666,62,2,25.6,2,5.5,92
132672,69,2,27.1,2,6.9,125
132678,65,1,29.5,2,5.2,105
132684,43,2,28.8,2,5.2,83
132690,51,2,29.1,2,5.5,111
132692,44,1,27.1,2,10.8,266
132693,37,1,27,2,5.5,96
132696,50,2,41.2,2,5.4,105
132699,37,2,32,2,6,107
132711,60,1,22,2,5.4,106
132727,66,2,17.8,2,5.6,99
132741,70,2,35.6,2,5.6,105
132756,58,1,29.1,2,5.3,103
132757,61,2,40.4,2,5.5,95
132761,45,2,45.3,2,6.3,101
132762,61,2,30.3,2,4.9,101
132771,64,1,20,2,3.6,94
132787,38,1,33,2,5.5,95
132788,41,1,30.9,2,5.6,83
132793,68,1,45.6,2,5.6,101
132801,35,1,27.4,2,5.9,109
132804,70,2,33.8,2,5.8,110
132805,39,2,23.6,2,5.2,94
132810,48,2,22.8,2,5,83
132814,64,2,20.4,2,5.5,110
132817,54,2,23.1,2,4.4,79
132825,39,1,32,2,5.4,101
132827,68,1,42.5,2,5.6,103
132832,47,2,40.5,2,5.8,103
132838,39,2,27.3,2,5.1,88
132840,65,1,29.5,2,6,120
132851,43,2,33.7,2,5.8,87
132868,69,2,19.1,2,5.7,116
132869,70,1,37.8,2,5,109
132873,61,1,35.2,2,5.3,103
132885,61,1,38.6,2,5.6,108
132895,64,1,28.7,2,5.9,112
132899,55,1,35,2,5.7,102
132916,62,2,26.3,2,5.3,101
132932,54,2,37.4,2,5.2,104
132938,58,1,23.5,2,5.9,103
132941,58,2,32,2,5.8,104
132945,65,1,34.1,2,5,97
132952,35,2,21.6,2,5.6,97
132956,54,2,30,2,4.5,107
132959,56,1,27.1,2,4.8,116
132964,58,2,24.5,2,5.5,93
132971,39,2,22.5,2,5.1,90
132972,47,2,31,2,5.7,89
132977,58,2,23.2,2,5.4,94
132979,63,1,33.5,2,5.8,106
132983,38,2,25.9,2,5.2,101
132994,65,2,31.1,2,5.6,128
133010,64,2,24.1,2,5.5,100
133022,42,1,31.4,2,5.3,105
133031,66,2,31,2,5.7,93
133041,42,2,36,2,5.4,94
133042,68,1,26.6,2,5.8,99
133058,38,2,21.2,2,5.4,99
133068,68,2,25.1,2,5.6,96
133069,70,2,30.9,2,5.9,98
133071,67,2,30.6,2,5.7,102
133077,69,1,33.3,2,5.4,119
133078,63,1,32.1,2,5.9,126
133080,38,1,27,2,5.7,104
133082,37,2,23.5,2,5.2,93
133093,61,2,22.4,2,5.4,96
133101,45,1,54.2,2,5.8,122
133104,62,2,41,2,5.3,100
133106,66,2,25,2,5.3,99
133109,69,2,23.2,2,5.5,86
133112,37,1,30,2,4.9,101
133113,37,2,39.2,2,5.3,98
133125,40,1,33.6,2,6,97
133130,61,2,21.5,2,5.7,105
133131,55,2,22.3,2,5.6,90
133135,61,1,32.6,2,6.3,107
133144,46,1,32.4,2,5.2,99
133147,67,2,27.7,2,5.6,88
133159,63,2,26.4,2,6.2,115
133161,51,2,24.6,2,5.7,83
133169,48,2,24.5,2,5.1,90
133177,63,1,26.5,2,5.4,91
133179,45,1,28.4,2,5.7,101
133183,66,2,36.6,2,6.2,69
133193,70,1,21.4,2,5.2,103
133209,66,2,22.5,2,5.3,91
133222,46,2,25.1,2,5.6,99
133233,65,2,30.7,2,5.9,95
133235,36,1,24.3,2,4.9,103
133246,62,2,24.8,2,5.2,94
133249,41,1,25.6,2,5.7,83
133250,57,2,31.1,2,5.4,99
133265,55,1,40.9,2,5.8,93
133270,60,1,39.7,2,5.9,140
133277,60,2,27.4,2,5.3,94
133279,54,1,32.3,2,6.2,116
133291,68,1,30.4,2,5.9,111
133293,68,1,34.8,2,5,91
133298,42,2,23.6,2,4.9,74
133300,54,1,24.8,2,5.2,104
133302,66,2,21.7,2,5.6,101
133311,40,1,19.9,2,5.2,92
133317,41,1,25.2,2,6,96
133318,63,1,23.7,2,5.3,110
133320,47,1,32.7,2,5,87
133324,63,2,22.8,2,6.3,106
133325,40,1,28.6,2,5.1,107
133342,46,2,31.5,2,5.6,92
133346,51,2,52.5,2,5.8,95
133348,47,1,41.4,2,6.5,105
133350,67,1,25.3,2,5.6,116
133360,55,2,19.8,2,5.1,83
133380,69,2,27.8,2,5.6,106
133389,70,1,24.3,2,5.3,116
133390,49,2,38.5,2,5.5,98
133396,48,2,29.5,2,5.3,83
133399,58,2,24.7,2,5.7,97
133406,39,2,26.4,2,4.9,108
133414,45,2,50.2,2,5.3,101
133453,43,1,33.9,2,5.1,118
133457,39,2,33.4,2,5.6,120
133461,67,2,22.7,2,5.1,89
133465,68,2,29.3,2,5.8,112
133480,50,1,32.8,2,5.7,91
133489,54,2,28.4,2,5.2,91
133492,45,1,27.4,2,4.6,97
133504,45,1,44.6,2,5.7,103
133511,62,2,25.8,2,5.3,101
133515,52,1,23.5,2,5.3,86
133524,39,2,28.8,2,4.9,99
133525,59,2,24.3,2,5.5,97
133529,62,1,29.1,2,3.8,115
133531,68,2,38.1,2,5.3,116
133533,56,1,33.6,2,5.3,97
133536,68,1,41.2,2,7.4,131
133537,50,2,31.2,2,5.2,101
133543,69,2,26.5,2,5.8,89
133547,37,2,34.3,2,5.2,94
133555,58,2,22.6,2,5.8,104
133560,60,2,24.2,2,5.4,98
133566,67,2,29.1,2,5.5,100
133576,40,1,26.4,2,5.3,101
133583,64,2,29.6,2,6.2,102
133598,62,2,25.3,2,5.3,111
133603,64,1,26.9,2,5.6,111
133613,39,2,33.6,2,7.6,184
133622,54,1,48.2,2,5.9,110
133627,57,1,22.4,2,5.1,116
133628,53,1,28.7,2,5.5,102
133635,44,1,38.2,2,5.5,97
133637,54,2,26.8,2,4.9,84
133641,45,2,26.5,2,5.2,99
133650,66,2,36.6,2,5.3,105
133681,35,1,27.8,2,5.2,109
133683,56,2,19.8,2,5.1,95
133684,47,1,28.7,2,5.7,79
133686,63,1,28.3,2,5.5,109
133688,55,2,18,2,5.5,111
133694,56,1,25.3,2,5.3,87
133698,66,2,19.7,2,5.7,101
133700,68,2,41.5,2,6,109
133704,68,1,26.6,2,5.6,95
133706,39,2,26.9,2,5.9,91
133707,43,2,29.6,2,5.5,97
133718,40,1,30.3,2,5.7,111
133725,60,2,30.6,2,5.9,96
133733,56,2,25.1,2,5.1,85
133741,36,2,64,2,5.5,111
133748,65,1,33.2,2,5.4,99
133762,39,1,24.1,2,5.1,110
133764,48,1,23.6,2,5.4,107
133766,66,2,31.5,2,5.6,103
133773,44,2,19,2,5.6,96
133780,70,2,24.3,2,5.6,105
133791,40,2,39.2,2,5,102
133794,44,1,23.3,2,5.2,100
133796,54,1,25.4,2,4.8,95
133802,69,1,36.1,2,5.4,110
133821,60,1,29.9,2,5.2,105
133825,46,2,35.2,2,5.9,101
133831,62,2,29.6,2,12,254
133846,54,1,32.9,2,5.7,122
133858,49,2,26,2,5.7,92
133861,62,1,34.2,2,5.4,106
133862,35,2,30.3,2,5.2,91
133865,50,1,42.9,2,5.4,103
133874,37,2,23.1,2,4.8,88
133933,58,1,34.5,2,7.3,161
133945,70,1,32.1,2,5.8,103
133957,69,1,24.1,2,5.9,113
133984,53,2,40.3,2,5.1,100
133986,53,1,25.2,2,5.4,109
133992,47,2,24.3,2,5.5,94
134019,51,1,28.6,2,6.1,112
134029,37,2,35.7,2,5.5,106
134040,49,1,27.8,2,5.7,118
134051,41,2,35.1,2,5.3,100
134054,60,2,24.5,2,5.6,92
134056,67,1,22.5,2,5,97
134057,62,1,37.5,2,5.7,115
134075,35,1,37.9,2,5.4,131
134080,43,2,25.7,2,5.4,99
134082,48,1,25.7,2,5,104
134091,37,1,34.1,2,5.3,99
134093,57,2,25.5,2,5.4,99
134106,67,2,26.1,2,6,106
134114,70,2,26.2,2,5.5,100
134135,54,1,22.8,2,5.3,85
134144,70,1,27,2,5.9,112
134166,49,2,26.8,2,5.2,98
134172,50,2,42.1,2,5.4,90
134187,67,2,26.7,2,6.1,104
134198,46,2,33.5,2,5.1,108
134203,41,1,31.5,2,5.4,100
134206,42,2,25.3,2,4.9,110
134209,58,1,23.4,2,5.6,110
134210,55,2,38.6,2,5.4,96
134212,68,2,24.2,2,5.8,128
134217,38,2,36.1,2,7.1,132
134235,44,2,30,2,5.3,96
134237,68,2,24.1,2,5.6,113
134247,44,1,22,2,5.8,120
134249,44,2,28.7,2,5.9,102
134257,54,2,31.2,2,5.6,92
134265,63,2,39.2,2,5.8,113
134282,60,2,28.5,2,6.4,116
134283,62,2,32.1,2,5.5,112
134303,61,2,36.2,2,5.5,109
134312,61,2,31.1,2,5.3,105
134316,60,1,24.9,2,5.4,98
134323,70,2,24.7,2,6,112
134353,46,1,23.4,2,5.6,99
134354,50,1,38.4,2,5.5,101
134382,61,2,39.9,2,5.3,98
134388,65,2,24.3,2,4.9,92
134389,69,2,28.3,2,5.8,105
134403,68,2,35,2,6.1,127
134404,52,2,28.5,2,5.5,99
134409,56,1,27.7,2,5.4,90
134427,50,2,21.9,2,5,85
134432,44,1,37.6,2,5.7,113
134446,53,1,25.8,2,5.7,107
134452,57,1,33.5,2,5.7,88
134467,65,2,23.6,2,5.4,103
134472,35,1,29,2,5.3,97
134475,64,2,35.3,2,5.4,98
134477,46,2,34.7,2,4.9,100
134478,58,1,19.3,2,5.4,99
134482,37,1,21,2,5.1,85
134490,44,1,23.2,2,5.4,92
134496,60,1,29.5,2,5.5,113
134510,37,2,35.3,2,5.7,110
134519,58,2,35.4,2,6,131
134533,47,2,25.6,2,5,89
134537,36,1,31.7,2,5.2,94
134551,37,2,23.4,2,4.8,87
134570,36,1,26.8,2,5.6,98
134574,39,2,28.1,2,5.3,96
134581,40,1,33.4,2,5.4,92
134584,56,1,27.6,2,5.4,100
134587,60,1,23,2,5.5,96
134598,40,2,19.1,2,5,97
134607,59,1,29.3,2,5.6,108
134613,53,2,26.4,2,5.4,85
134620,43,1,31.9,2,5.1,93
134630,65,1,29.8,2,5.3,104
134633,39,1,35.6,2,4.9,99
134635,36,2,22.9,2,4.9,86
134660,51,1,30.5,2,5.7,99
134671,36,2,24.9,2,5.5,98
134672,51,1,20.7,2,5.5,94
134685,36,1,48.7,2,6.3,97
134695,40,2,25.8,2,4.9,88
134704,51,2,27.7,2,5.5,100
134712,68,2,28.6,2,5.5,99
134717,38,1,33.1,2,5.4,101
134727,52,2,32.8,2,6,111
134729,68,2,27.8,2,5.6,98
134743,65,2,25,2,6.4,119
134744,55,1,32.3,2,6.3,108
134746,44,2,30.5,2,5,86
134759,41,2,24.2,2,4.8,87
134769,52,1,26.5,2,5.5,92
134788,61,1,31.6,2,5.8,92
134793,49,1,23.3,2,5.4,96
134802,56,2,22.5,2,5.6,90
134804,66,2,42.6,2,6.1,72
134805,65,2,31.8,2,6,107
134806,37,2,23.5,2,5.7,88
134824,59,2,30.2,2,5.3,94
134836,49,1,24.7,2,4.2,104
134850,60,2,25.7,2,5.5,110
134851,47,2,27.9,2,5.7,93
134874,65,2,26.6,2,5.8,124
134878,40,1,30.5,2,5.1,101
134889,38,2,34.1,2,5.1,100
134897,64,1,19.7,2,5.4,94
134901,43,2,19.6,2,5.6,113
134902,41,2,21,2,5.4,89
134922,61,2,35.4,2,4.6,87
134923,69,2,22.5,2,5.5,91
134928,70,2,27.7,2,4.9,106
134929,55,2,35.3,2,5.7,80
134941,41,2,45.9,2,5.5,97
134946,65,1,27.7,2,6.1,118
134965,66,2,27.8,2,5.5,95
134967,62,2,28.6,2,6.1,114
134976,60,2,25.7,2,5.3,92
134979,46,1,26.7,2,5.6,95
134980,65,2,47.1,2,5.6,89
134982,36,2,30,2,6,102
134985,68,1,26.6,2,5.9,110
134990,55,2,23.4,2,5.7,96
134992,63,2,36.7,2,5.3,107
135000,67,2,30.3,2,5.3,106
135014,50,1,47.2,2,6.1,116
135021,35,1,34.2,2,6.4,131
135023,64,2,23.9,2,6.2,116
135036,64,2,37.5,2,5.6,94
135037,41,2,34,2,5.3,108
135043,48,2,22.9,2,5.5,108
135047,53,1,33.4,2,5.6,118
135090,70,2,25.5,2,6.1,111
135092,64,1,29.1,2,6,104
135095,35,2,30.7,2,5.2,101
135098,47,1,27.2,2,5.1,99
135103,47,2,40.8,2,5.1,103
135111,59,1,27.9,2,5.6,98
135119,37,1,21.8,2,5.6,118
135126,64,2,24.5,2,5.9,92
135129,65,2,27.4,2,5.6,127
135132,36,2,24.6,2,5,91
135134,66,2,30,2,5.7,100
135141,49,2,23.1,2,5.2,73
135144,66,1,28.9,2,6.4,149
135148,49,1,27,2,5.6,101
135155,61,1,24.9,2,5.8,113
135159,63,1,27.6,2,5.1,88
135172,62,1,28.1,2,5.5,96
135173,58,1,20.5,2,5.6,96
135183,68,2,24.7,2,5.7,119
135191,49,1,43.4,2,6.2,108
135192,52,1,30.9,2,5.5,96
135199,59,2,38.1,2,5.7,89
135201,40,1,27.4,2,5,92
135204,60,1,44,2,5.4,98
135207,42,1,25.2,2,5.3,98
135213,67,1,29.9,2,5.2,93
135219,49,2,26.6,2,5.6,106
135220,66,1,40.5,2,5.8,106
135232,53,1,33.2,2,5.5,100
135236,57,2,28.7,2,5.3,92
135239,54,1,23.5,2,5.4,88
135241,51,2,24.8,2,4.2,86
135246,41,1,69.1,2,5.7,93
135248,45,2,37.4,2,5.7,106
135251,53,1,25.2,2,5.2,110
135266,68,1,29.3,2,5.6,98
135281,51,1,32.9,2,5.3,117
135287,53,2,40.2,2,6,101
135292,52,2,23.9,2,5.3,97
135314,62,2,21.4,2,5.4,89
135321,59,1,26.2,2,5.5,94
135324,52,1,24.9,2,5.5,101
135325,49,1,33.7,2,5.7,107
135339,59,2,33.8,2,5.9,102
135344,43,2,22.6,2,5.5,102
135348,63,1,27.1,2,5.6,110
135353,61,2,27.4,2,5.3,89
135358,66,2,25.7,2,5.3,97
135372,65,2,35,2,5.7,94
135375,38,2,37.1,2,5.3,96
135384,60,2,20.9,2,5.4,88
135391,65,1,25.5,2,6.5,115
135405,50,2,39.7,2,5.3,94
135406,38,1,24.5,2,5.4,106
135427,39,2,33.5,2,5.1,93
135432,70,2,24.1,2,5.6,108
135441,69,2,20.5,2,5.4,95
135445,37,2,32.4,2,5.2,95
135453,60,1,22,2,5.2,94
135459,41,2,26.3,2,5.2,96
135466,40,2,40.1,2,5.3,97
135467,62,1,26.5,2,6.2,125
135470,46,2,32.2,2,4.9,84
135484,37,2,33.3,2,5.2,100
135498,44,2,24,2,4.9,98
135499,70,1,30.9,2,5.6,119
135502,42,1,26.5,2,5,90
135512,52,1,32.4,2,5.2,110
135517,59,2,26.1,2,5.6,123
135519,44,2,27.3,2,5.8,99
135521,64,2,28.7,2,6.2,117
135533,58,2,45.2,2,5.5,106
135537,41,1,31.9,2,11.6,325
135541,68,1,29.1,2,5.7,111
135542,55,1,30.3,2,5.6,108
135548,44,2,24.1,2,5.2,98
135561,59,1,46.2,2,6.6,123
135566,45,2,40.7,2,5.7,82
135573,70,2,29,2,5.3,93
135589,43,2,28,2,5.3,100
135597,70,2,27.8,2,6.4,116
135603,69,1,24.3,2,5.2,98
135608,60,2,32,2,5.1,85
135631,57,1,27.6,2,5.4,100
135637,41,2,74.8,2,5.8,98
135640,58,2,21.9,2,4.8,97
135641,70,2,29.6,2,5.8,118
135663,62,2,27.9,2,5.8,98
135669,37,1,34.2,2,5.7,101
135671,36,2,25,2,5.4,86
135682,64,2,25.8,2,5.6,107
135706,50,2,42.6,2,5.5,101
135715,68,1,38.3,2,5.6,98
135719,68,2,27,2,5.4,96
135720,48,2,41.1,2,5.9,94
135730,66,2,37.8,2,5.9,107
135738,48,1,26.8,2,4.9,95
135741,60,1,37.4,2,5.8,110
135747,40,2,25.8,2,5.4,104
135768,62,2,25.7,2,5.8,117
135770,60,1,21.2,2,5,98
135772,46,1,36.4,2,5.4,108
135783,59,1,30,2,5.2,107
135790,64,2,48.1,2,6.4,100
135792,37,2,41.3,2,5.5,101
135797,65,2,26.6,2,5.8,95
135807,63,1,24.1,2,5.1,105
135808,41,1,30.9,2,5.7,105
135821,42,1,37.9,2,5.5,108
135822,46,1,41,2,5.4,105
135826,68,2,34.4,2,5.8,96
135830,41,1,17.6,2,4.8,99
135832,50,1,27.4,2,5.6,113
135845,66,2,23.4,2,5.7,106
135851,60,2,19.5,2,5.6,97
135858,70,2,23,2,4.7,73
135859,64,1,20,2,5.7,110
135872,57,2,32.6,2,6,112
135882,46,2,39,2,5.2,94
135888,42,1,31.1,2,5.5,101
135889,61,2,25.6,2,5.8,100
135890,58,1,23.5,2,5.6,97
135891,37,1,28.7,2,5.5,102
135900,61,2,45.9,2,6.2,117
135914,63,2,34.4,2,5.7,86
135919,62,2,33.9,2,5.9,92
135920,40,2,31.6,2,5.8,94
135927,40,1,31.4,2,5.1,103
135930,59,2,22.2,2,5.5,101
135940,47,2,24.3,2,5.1,93
135943,69,2,31.8,2,5.3,92
135957,53,2,37.2,2,8.1,141
135962,50,2,43.4,2,5.5,102
135980,55,2,30.1,2,5.6,120
135982,60,2,35.6,2,5.3,101
135988,63,1,27.1,2,5.3,94
135992,66,1,24.5,2,5,98
135993,55,1,35.9,2,5.7,108
136000,44,2,23.6,2,5,93
136025,42,2,24,2,5.3,90
136039,36,2,30.9,2,6.1,90
136040,41,2,32.2,2,5.9,131
136046,67,2,33.4,2,5.6,91
136060,46,1,29.9,2,5,102
136073,70,2,34,2,5.5,107
136075,55,1,28.3,2,5.6,101
136084,45,2,23.5,2,5.2,98
136089,60,1,23.5,2,5.2,91
136097,48,2,31.9,2,5,107
136107,63,1,27.5,2,5.3,112
136114,61,2,27.8,2,5.7,103
136118,39,2,37,2,5.7,111
136123,62,2,23.8,2,5.8,96
136127,63,2,21.2,2,5.1,114
136130,44,2,26,2,5.4,93
136152,65,2,27.2,2,5.6,92
136186,60,2,26.9,2,5.4,99
136189,59,2,26.9,2,5,92
136192,66,1,20.3,2,4.9,96
136211,38,2,28.4,2,5.7,103
136218,57,2,18.5,2,5.6,88
136231,39,2,34.3,2,5.1,79
136232,62,1,26.8,2,5.2,98
136240,64,2,26.2,2,6,111
136244,62,1,27.7,2,5.2,98
136249,37,2,44.1,2,5.5,92
136252,58,1,31.2,2,5.5,107
136256,57,2,24.9,2,5.8,96
136260,44,1,25.5,2,5,104
136267,40,2,17.9,2,5,98
136274,52,2,23.6,2,5.1,85
136278,38,2,37.9,2,5.8,117
136281,66,1,24.2,2,5.2,109
136301,54,1,28,2,5.7,105
136306,63,1,22.6,2,5.7,95
136310,70,2,23.8,2,5.4,87
136312,38,2,22.7,2,5.3,99
136318,58,2,28.2,2,5.5,107
136320,47,2,23,2,5.3,88
136326,59,1,32.8,2,6.1,138
136336,68,2,23.8,2,5.6,102
136353,70,2,24.6,2,5.3,88
136361,67,1,30.4,2,5.5,89
136392,59,2,21.4,2,5.5,108
136397,38,2,30.2,2,5.4,81
136405,61,2,42,2,5.6,124
136408,63,1,30.2,2,5.8,117
136429,39,2,45.8,2,5.4,89
136434,61,2,28.6,2,5.6,103
136444,61,1,29.1,2,5.3,102
136457,68,2,24.4,2,5.5,104
136466,43,2,28.5,2,5.6,101
136477,52,1,27.6,2,4.9,97
136489,41,1,24.2,2,5.3,97
136490,61,1,29.7,2,5.3,104
136492,66,1,25.1,2,6.3,138
136496,57,2,24,2,5.2,95
136508,62,2,25.5,2,5.3,100
136510,36,2,48.5,2,6.4,132
136535,63,1,26.3,2,4.7,87
136536,55,2,25.4,2,5.8,104
136541,50,2,21.4,2,4.7,92
136549,44,2,25.2,2,4.8,95
136553,38,1,26,2,4.6,101
136556,56,1,24.2,2,4.7,99
136577,53,2,42.9,2,5.5,108
136579,52,2,27.8,2,5.3,106
136588,69,2,26.7,2,5.5,91
136591,57,1,24.2,2,5.8,109
136596,67,1,22.3,2,5.4,103
136599,64,2,44.1,2,5.7,127
136601,44,2,25.4,2,5.5,98
136603,59,2,30.9,2,5.5,83
136605,60,2,29.4,2,5.1,88
136607,59,1,27.6,2,6.6,152
136621,65,2,24.5,2,6.1,105
136623,54,1,26.5,2,5.4,91
136634,69,1,18.6,2,5.7,84
136636,54,2,23,2,5.4,92
136647,60,2,43.1,2,6,96
136650,68,1,23.2,2,5.5,110
136652,65,2,28.4,2,6.3,107
136657,44,2,32.2,2,5.5,104
136663,64,2,22.4,2,5.6,89
136668,70,1,34.1,2,5.5,94
136675,65,2,18.7,2,5.2,90
136709,45,1,28.1,2,5.3,95
136720,70,2,31.6,2,5.8,116
136723,62,1,37.8,2,5.1,99
136728,55,2,24.3,2,5.4,102
136734,35,1,25.7,2,5.4,109
136740,69,2,28.3,2,5.6,92
136744,36,1,24.7,2,5.3,102
136745,38,1,25.4,2,5.1,107
136748,69,1,31.3,2,5.8,103
136791,64,2,21.3,2,5.1,105
136801,64,2,30.9,2,4.1,88
136812,65,2,27.4,2,5.7,97
136827,54,1,27.9,2,5.9,94
136828,60,2,41.6,2,5.9,110
136831,43,2,29,2,11.6,228
136838,68,1,26,2,5.4,111
136854,36,1,23.4,2,5.4,91
136868,41,1,31.5,2,5.5,101
136874,46,2,33.6,2,5.4,114
136890,62,2,19.7,2,5.6,91
136898,46,2,47.9,2,5.7,102
136910,70,1,29.4,2,5.1,109
136911,39,2,23.5,2,5.5,103
136917,49,1,30.2,2,4.7,88
136921,61,2,28.7,2,5.3,93
136922,44,1,24.8,2,5.5,105
136928,58,1,23.3,2,5.2,93
136930,52,1,19.8,2,5.7,96
136931,69,1,32.1,2,5.8,110
136939,59,2,23.4,2,4.3,105
136942,43,1,27.4,2,7.5,159
136943,47,2,37.3,2,6.5,136
136953,57,2,27.7,2,5.2,119
136956,62,2,22,2,5.5,104
136968,52,2,30.9,2,5.6,95
136980,62,1,28.2,2,5.4,125
136982,47,1,23.1,2,5.7,97
136988,65,1,35.2,2,6.1,120
136990,63,1,39.7,2,6.4,115
136991,48,1,21.3,2,5.5,93
136994,50,2,24.8,2,5.3,102
137009,56,2,18.4,2,5.8,98
137017,69,1,27.3,2,5,100
137026,36,2,31.3,2,5.3,98
137031,35,2,37.8,2,5.6,100
137039,64,1,31.7,2,5.5,102
137043,60,2,34,2,6,98
137045,59,2,20.3,2,5.5,104
137046,65,2,26.5,2,5.6,98
137051,64,1,43.2,2,5.3,105
137052,53,1,19.8,2,5.4,115
137055,68,1,39.9,2,6.1,138
137056,64,2,33.5,2,5.8,120
137065,66,2,19.2,2,5.1,97
137102,39,2,26.2,2,5.6,107
137106,68,2,22,2,5.7,108
137107,40,1,26.9,2,5.7,99
137110,40,1,25,2,5,98
137113,65,1,27.4,2,5.1,99
137123,68,1,25,2,5.5,98
137125,42,2,22.8,2,5.6,80
137126,68,1,33.1,2,4.8,108
137139,53,2,38.5,2,5.2,93
137145,55,2,35.6,2,6,106
137153,67,2,27.4,2,5.4,106
137157,47,2,34.5,2,5.6,103
137184,38,1,38.5,2,4.9,92
137194,58,1,25.9,2,5.5,89
137208,54,2,27.4,2,5.5,111
137218,39,1,23.3,2,5.3,106
137220,64,1,23,2,5.9,97
137224,53,2,29.8,2,6.4,117
137232,61,1,23.4,2,5.6,96
137246,39,2,24.6,2,5.3,103
137249,42,2,24,2,5.1,87
137250,49,2,25.2,2,5.6,104
137251,66,2,42.6,2,5.9,110
137255,54,2,32.3,2,5.3,96
137269,49,2,25.4,2,4.8,90
137273,55,1,23,2,5.7,109
137281,59,2,24,2,5.7,108
137282,48,1,44.4,2,6,104
137284,60,2,35.8,2,5.6,103
137291,64,1,25.9,2,5.8,108
137293,61,2,24.3,2,5.7,86
137302,57,2,33.5,2,5.7,93
137303,50,1,31,2,10.4,126
137306,41,2,22.1,2,4.9,95
137311,41,2,41.1,2,5.2,90
137313,37,1,31.7,2,5.6,107
137314,67,1,28.8,2,5.4,91
137318,55,2,22.7,2,5.3,89
137319,62,1,32.1,2,5.9,101
137325,65,2,22.7,2,5,99
137330,47,2,38.9,2,6,118
137331,70,1,28.9,2,5.5,111
137333,41,2,44,2,5.7,99
137335,63,2,23.6,2,5.2,97
137339,49,1,23.8,2,5.7,113
137341,53,2,33.5,2,5.7,101
137351,41,2,30.7,2,5,86
137354,68,2,24.4,2,5.9,111
137368,55,1,24.4,2,5.8,97
137375,60,2,28.6,2,6,108
137378,70,1,25.2,2,5,122
137381,40,1,32.8,2,5.3,101
137386,56,1,34.6,2,5.2,103
137387,69,2,33.7,2,5.1,92
137395,63,2,24.5,2,5.3,91
137409,41,2,33,2,6.6,120
137412,66,1,23.6,2,5.5,108
137414,44,2,26.6,2,5.7,89
137417,43,1,27.9,2,5,100
137423,44,1,30.2,2,5,104
137438,65,2,24.3,2,5.8,113
137439,46,2,21.9,2,5.3,89
137446,57,2,33.5,2,5.5,106
137463,60,1,27.5,2,5.4,119
137477,39,1,23.1,2,5.1,100
137483,42,2,19.5,2,4.8,100
137495,68,2,41.6,2,5.4,96
137497,68,2,30.3,2,4.9,86
137501,35,2,30.5,2,5.1,91
137504,63,2,38.9,2,5.7,102
137517,51,2,23.3,2,5.2,95
137530,53,2,24.3,2,5.8,92
137532,43,2,23,2,5.1,97
137534,48,1,29.1,2,5.3,88
137537,37,2,30.6,2,5.3,91
137547,61,1,33,2,5.3,107
137550,56,1,30.1,2,5.3,103
137564,51,1,33.8,2,5.1,106
137573,44,2,27.7,2,5.5,91
137579,38,2,65.2,2,5.1,112
137581,39,1,25.2,2,5.1,104
137585,63,2,22.7,2,5.4,86
137592,50,2,25.1,2,5.2,91
137593,42,2,28.4,2,5.3,94
137597,61,2,36.6,2,6.2,107
137613,63,2,36.5,2,5.4,108
137625,63,2,37.2,2,5.8,110
137632,46,1,27,2,5.8,100
137643,44,2,37.6,2,5,88
137651,51,1,25.3,2,5.5,92
137652,61,2,25.7,2,6,97
137655,48,1,23.1,2,5.5,99
137664,69,1,25.9,2,5.8,106
137667,43,2,23.2,2,5.1,99
137676,43,2,46.1,2,5.3,93
137686,38,2,34.7,2,6.4,123
137696,64,2,24,2,5.6,83
137698,65,2,30.5,2,5.7,90
137702,46,1,25.8,2,5.8,118
137706,58,2,53.1,2,5.9,102
137713,40,2,39.7,2,5.6,112
137723,60,2,19.7,2,5.5,95
137729,68,2,35.3,2,6,132
137756,51,1,27.5,2,5.8,97
137761,35,2,20,2,5.3,87
137768,44,1,38.3,2,5.4,106
137781,44,1,29.8,2,5.9,113
137789,67,1,39.5,2,5.3,99
137793,67,1,32,2,5.6,108
137803,51,2,22.1,2,5.6,96
137804,49,2,33.5,2,5.4,102
137808,66,2,18.3,2,5.8,85
137810,43,2,39.3,2,6,130
137814,38,2,37,2,5.3,85
137818,46,2,21.6,2,5,92
137829,40,2,29,2,5.1,99
137832,67,2,28.2,2,5.3,105
137850,66,2,24.5,2,5.5,109
137858,54,2,35.2,2,5.6,112
137860,67,2,28,2,6,102
137870,46,1,26.5,2,5.6,104
137881,63,2,35.7,2,5.5,104
137882,62,1,32.6,2,5.3,105
137884,60,1,28.9,2,5.5,103
137890,44,2,22.2,2,5.4,92
137892,51,2,25.5,2,5.4,90
137895,35,1,23.8,2,5.1,94
137926,63,2,22.5,2,5.5,96
137937,37,2,19.1,2,5.5,103
137947,64,1,30.8,2,5.6,103
137948,53,1,29.2,2,5.4,112
137949,63,1,25.2,2,5.2,99
137965,53,2,36.7,2,4.6,94
137970,37,2,26.6,2,5.4,92
137972,58,1,30.2,2,4.6,105
137976,67,1,26.6,2,5.5,108
137979,44,1,37.5,2,5.9,97
137996,40,2,26.9,2,4.9,100
137999,52,2,34.3,2,5.7,85
138000,62,2,33.8,2,5.2,108
138011,68,2,33.4,2,5.9,111
138021,40,2,22.3,2,5,88
138036,50,2,33,2,5.8,115
138044,44,2,26.2,2,5.2,93
138046,58,2,22,2,5.8,99
138048,55,1,24.3,2,5,97
138049,40,1,32.6,2,5.1,94
138061,67,2,26.5,2,6,105
138072,67,1,23.6,2,5.4,127
138073,65,1,26.7,2,5.6,96
138080,37,1,40.8,2,5.5,92
138081,57,2,31.1,2,5.8,90
138086,63,1,20.1,2,5.4,96
138090,37,1,24.6,2,5.4,85
138103,60,1,32.1,2,5.9,113
138106,37,1,25.6,2,5.2,100
138114,62,2,24.3,2,5.3,95
138117,65,1,36.3,2,5.5,109
138120,56,2,32,2,5.5,100
138124,41,2,25.4,2,5.6,94
138136,56,1,22.4,2,5.2,99
138137,35,1,30.4,2,5.1,89
138154,65,2,22.9,2,5.8,90
138156,47,2,21.1,2,5.3,89
138181,67,2,28.5,2,5.6,93
138191,55,1,24.2,2,4.1,101
138196,61,1,22.1,2,5.4,92
138219,63,2,27.6,2,6.1,130
138232,70,1,23.9,2,5.3,101
138236,39,2,21.9,2,5.4,91
138258,62,2,30.6,2,5.7,105
138291,58,1,25.6,2,5.3,80
138292,48,2,23.5,2,5,91
138297,40,1,23.9,2,5.4,89
138341,58,2,32.4,2,5.6,93
138378,42,2,35.9,2,5.2,96
138390,60,1,33,2,5.9,95
138395,39,2,22.8,2,5.2,86
138398,40,1,22.4,2,5.4,100
138399,67,1,31.2,2,5.9,101
138408,57,2,37.2,2,5,89
138409,37,2,27.9,2,5.3,97
138418,35,2,28.7,2,4.9,93
138421,44,1,33.1,2,5,114
138424,65,1,24.5,2,5.9,101
138439,69,1,25.8,2,5.3,104
138444,64,1,26.2,2,5.8,111
138447,59,2,42.4,2,5.6,100
138449,48,2,36.2,2,5.6,100
138458,38,2,16.4,2,5.6,90
138467,59,1,30.2,2,5.2,98
138469,65,2,28.5,2,5.5,117
138474,62,1,24.1,2,5,100
138485,53,2,32.4,2,5,88
138502,58,2,18.7,2,5.5,93
138505,61,2,31,2,6.1,139
138515,68,1,32.3,2,6.7,99
138532,62,2,28.5,2,5.6,103
138533,67,2,43.9,2,5.6,84
138548,40,1,21,2,5,98
138550,39,2,24.6,2,5.1,92
138584,67,1,21.4,2,5.7,101
138596,35,2,38.1,2,5.1,90
138601,67,1,24.2,2,5.7,101
138606,49,1,30.8,2,5.9,111
138609,60,2,30.8,2,5.6,103
138613,58,2,33.9,2,5.6,98
138618,57,1,23.4,2,5.9,75
138639,51,1,36.6,2,5.6,104
138641,44,1,26.1,2,5.2,98
138647,66,2,33.3,2,5.4,90
138671,48,1,27.9,2,5.7,94
138681,70,1,26.5,2,5.8,94
138683,39,2,26.5,2,5.4,88
138690,61,2,27.7,2,5.7,98
138694,64,2,26.8,2,5.2,100
138703,53,2,24.4,2,5.5,101
138708,50,2,44.2,2,6.1,113
138716,63,2,26.4,2,5.2,96
138718,51,1,29.8,2,5,107
138720,65,2,21.6,2,5.6,109
138728,45,2,38.4,2,5.5,107
138732,68,1,25.8,2,5.7,97
138739,68,2,26,2,5.9,99
138743,43,1,32.9,2,6.1,101
138745,35,2,25.1,2,5.5,103
138749,40,1,21.7,2,5,95
138761,36,2,24.5,2,5,102
138765,55,2,25.2,2,5,91
138791,39,2,39.2,2,5.3,97
138794,52,2,31.2,2,5.4,89
138802,46,2,49,2,5.9,111
138804,69,1,20.3,2,6,114
138809,51,2,40.1,2,5.2,109
138812,64,2,29.7,2,5.3,116
138816,55,2,29.2,2,5.8,111
138841,35,2,52.6,2,5.2,89
138846,36,2,22.7,2,5.4,93
138852,36,1,36.4,2,5.4,93
138855,52,2,26.2,2,5.5,92
138858,39,1,24,2,5.4,100
138871,45,1,35.7,2,5.7,100
138873,40,2,28,2,5.1,72
138879,46,2,45.4,2,5.6,113
138880,61,2,21.9,2,5.6,102
138883,40,2,36.4,2,5.5,104
138888,66,2,25.6,2,5.4,104
138896,67,2,22.8,2,5,83
138902,67,1,27.3,2,5.9,111
138912,65,2,32.5,2,5.7,95
138921,68,2,26.8,2,5.6,106
138947,38,2,36.3,2,5.2,93
138950,51,2,44.4,2,5.6,88
138953,67,2,24.9,2,5.3,93
138956,39,2,24.5,2,4.4,86
138965,54,2,35.9,2,5.6,97
138967,68,2,26.1,2,5.8,99
138971,37,2,28.9,2,5.5,107
139001,64,2,18.3,2,5.6,96
139026,67,2,41.2,2,6.4,98
139029,67,1,25.2,2,5.8,100
139047,35,2,24,2,5.1,100
139048,65,1,27.6,2,5.7,114
139061,57,2,28,2,5.6,99
139062,41,2,42.7,2,5.3,101
139079,43,2,29.3,2,5.4,91
139082,44,1,31.7,2,5.5,97
139088,67,2,36.2,2,5.6,95
139096,45,2,25.9,2,5.2,103
139118,65,1,22.7,2,6.2,106
139124,39,1,24,2,5.5,82
139125,43,1,28.3,2,4.9,94
139126,60,2,28.6,2,5.3,91
139128,43,1,30.8,2,10.9,292
139129,68,2,29.6,2,5.3,99
139133,65,2,32,2,5.7,100
139138,70,1,24.9,2,5.9,115
139139,49,1,30.5,2,5.1,99
139145,42,2,19.8,2,5.1,99
139148,42,2,36.1,2,5.8,105
139161,64,2,28.7,2,6.4,101
139172,49,2,32.3,2,7,107
139180,68,1,21.2,2,5.3,103
139182,51,2,29.3,2,5.1,100
139184,68,2,33.4,2,5.8,103
139195,63,1,27.5,2,5.2,110
139212,67,2,25.8,2,6.1,104
139224,42,2,24.7,2,4.7,100
139225,64,1,24.2,2,5.4,97
139229,48,2,20.3,2,5.1,94
139232,40,1,23.7,2,5.9,109
139236,51,1,45.7,2,6,138
139237,51,2,31.6,2,4.7,95
139244,61,2,25.1,2,5.5,102
139252,61,2,22.1,2,5.5,96
139260,49,1,24.2,2,5.5,97
139265,44,2,42.1,2,7.5,134
139266,60,2,26.5,2,5.4,89
139268,68,1,28.9,2,5.3,118
139269,61,2,27.1,2,5.5,80
139270,50,2,20,2,5.5,102
139303,35,2,29.3,2,5.9,112
139304,68,1,27.8,2,5.5,105
139308,43,2,25.5,2,5.1,98
139309,70,2,29.4,2,5.5,92
139312,62,2,28.8,2,5.8,108
139322,46,2,40.4,2,5,111
139329,64,1,35.1,2,6.2,134
139337,65,1,27.6,2,5.8,97
139351,49,2,30.9,2,5.8,119
139356,46,2,26.9,2,5.3,102
139362,70,1,25.7,2,5.6,106
139366,46,1,28.8,2,5.6,122
139370,64,2,17.3,2,5.8,102
139373,65,1,31.9,2,6,117
139376,41,2,25.9,2,5.3,88
139383,61,1,22.3,2,5.6,86
139388,42,2,23,2,5,99
139423,62,1,27.4,2,5.5,90
139425,52,1,51.3,2,5.6,131
139437,41,1,34.8,2,5.1,118
139438,56,1,25.9,2,5.3,87
139441,62,1,25.5,2,5.8,97
139447,58,2,22.2,2,5.5,98
139448,63,2,32.5,2,7.8,173
139470,66,1,23.6,2,5.8,121
139473,61,2,24.6,2,5.8,90
139479,50,1,26.4,2,5.7,138
139485,51,1,19.5,2,5.7,84
139489,55,1,23.4,2,5.2,101
139491,40,1,21.8,2,5.1,99
139494,64,2,22.5,2,5.2,102
139495,50,2,19.5,2,5.5,100
139504,63,2,19.9,2,5.6,85
139515,62,1,20.4,2,5.5,106
139520,64,1,34.1,2,5.5,103
139524,60,1,20.2,2,5.8,88
139530,42,2,28.6,2,5.1,92
139532,61,1,23.9,2,5.6,97
139533,40,2,61.4,2,5.7,93
139539,67,2,28.3,2,5.6,109
139553,46,2,20.8,2,5.2,86
139559,40,2,49.8,2,5.6,92
139562,62,1,39.4,2,7.2,211
139569,39,2,63,2,5.6,113
139584,68,1,26.9,2,6.1,106
139585,40,2,29.9,2,4.9,94
139589,67,2,37,2,6.1,112
139593,66,2,24.4,2,4.8,92
139603,64,1,27.6,2,5.1,110
139608,53,2,24.9,2,5.8,93
139609,38,2,27.6,2,5.8,92
139613,62,2,29.9,2,5.6,106
139621,38,2,19.6,2,5.3,95
139623,51,2,35.8,2,5,87
139636,38,2,41.9,2,5.7,92
139657,35,2,42,2,5.6,94
139665,62,1,25.1,2,5.4,90
139667,37,2,22.4,2,5.3,83
139674,68,2,29.5,2,6,102
139692,57,2,29,2,6.6,106
139702,40,1,22.3,2,5.2,80
139705,42,1,27.6,2,5.2,93
139706,68,2,32.5,2,5.7,113
139730,67,1,37,2,6.5,123
139737,64,1,31.6,2,5.9,115
139745,50,2,30.4,2,5.3,95
139758,56,2,20.1,2,5.6,95
139764,62,2,36.4,2,6,87
139776,51,2,26.1,2,5.6,95
139777,40,1,25.9,2,5.1,107
139796,43,2,28.5,2,5.2,91
139814,47,2,27.6,2,4.7,92
139819,62,2,23.3,2,5.8,98
139829,68,2,40.1,2,5.5,106
139833,51,1,30.9,2,6.2,132
139840,56,1,34.1,2,4.7,101
139847,63,2,19.6,2,5.7,102
139851,60,1,26.5,2,5.1,96
139854,56,2,34.3,2,5.6,106
139857,64,1,19.6,2,5.5,117
139861,62,1,19.9,2,5,117
139871,35,2,27.2,2,5.8,97
139907,53,1,22.6,2,5.5,99
139915,69,2,28.8,2,6.2,96
139916,42,1,35.5,2,5.4,99
139920,65,2,36.5,2,5.5,101
139921,37,2,24.9,2,5.3,92
139935,69,2,44.9,2,5.7,94
139944,54,2,29.5,2,5.4,101
139965,69,1,22.2,2,6.3,104
139972,67,2,36.2,2,5.5,108
139978,61,1,28.2,2,6,94
139982,43,2,43.7,2,4.9,97
139983,60,2,35.8,2,5.5,109
139996,66,2,31,2,5.8,94
140001,41,1,24.4,2,5.2,92
140011,55,1,33.7,2,4.6,91
140014,39,1,30.2,2,5.4,89
140020,53,2,23.2,2,5.5,92
140034,51,1,38.6,2,5.4,108
140037,50,1,21.7,2,6.4,128
140040,67,1,25.6,2,5.4,105
140070,64,1,26.4,2,5.2,106
140075,38,1,31.3,2,5.7,104
140092,57,1,27.4,2,5.7,110
140104,47,2,26.2,2,5.5,89
140118,59,1,30.8,2,5.9,126
140122,37,2,50.3,2,5.2,97
140127,65,2,26,2,5.6,110
140129,42,2,22,2,5.2,96
140139,64,2,26.1,2,6.6,114
140145,60,2,33,2,5.1,86
140148,53,2,23.7,2,5.8,98
140152,62,1,25.5,2,5.6,127
140173,35,2,40.5,2,5.2,98
140181,53,1,32.7,2,6.5,152
140187,40,2,31,2,5.7,100
140193,64,2,38.2,2,5.2,92
140199,55,1,43,2,6.6,185
140200,66,1,18.6,2,5.6,90
140217,68,2,26,2,5.8,106
140219,53,2,67.8,2,5.7,104
140226,46,2,27.2,2,5.2,97
140245,68,1,21.3,2,6.2,127
140246,70,2,26.3,2,5.8,101
140266,51,2,48.4,2,5.7,103
140269,67,2,32.1,2,5.2,100
140276,63,1,28.3,2,5.2,104
140285,43,2,25.6,2,4.3,101
140286,58,1,24.4,2,4.6,104
140291,36,1,23.4,2,5.7,92
140303,69,2,34.5,2,5.5,101
140316,44,2,35.1,2,5.6,97
140341,64,2,39.7,2,5.7,104
140354,49,1,32.3,2,5.5,98
140379,39,2,27.8,2,5.8,97
140382,57,2,27.9,2,5.8,94
140384,62,2,37.9,2,6.2,83
140386,38,1,28.6,2,5.4,105
140387,57,2,40.2,2,5.8,102
140398,44,2,17.4,2,5.2,97
140400,37,2,25.3,2,5.3,98
140424,61,1,24.4,2,5.3,91
140430,48,2,24.2,2,5,85
140444,47,1,35.6,2,5.6,115
140459,60,2,23.1,2,5.8,109
140471,57,2,23.2,2,5.2,93
140473,53,2,35.6,2,5.6,86
140474,64,1,25.7,2,6,100
140478,43,2,35.4,2,5.2,90
140480,45,1,61,2,6,141
140495,45,2,33.5,2,5.3,100
140499,57,2,46,2,5.9,100
140505,53,2,43.8,2,5.3,109
140514,43,1,20.6,2,4.9,91
140531,58,2,38.8,2,6.2,92
140539,41,1,29.2,2,4.9,107
140541,57,1,25.5,2,5.2,99
140543,65,2,28.8,2,5.1,105
140547,39,2,55.7,2,6.1,105
140550,63,1,20.1,2,4.6,98
140552,59,1,33.7,2,5.6,98
140558,59,2,28.6,2,5.8,103
140561,59,2,27.3,2,5.2,100
140562,65,2,23.1,2,5.4,98
140578,68,2,21.9,2,5.4,101
140580,70,2,32.2,2,6.6,114
140582,61,2,30.5,2,5.4,104
140589,46,2,41.5,2,5.4,95
140596,62,1,29.9,2,6.4,159
140620,63,2,32.8,2,5.7,111
140621,65,2,22.4,2,13.6,329
140626,65,1,28.7,2,5.7,109
140627,70,2,23.7,2,5.6,103
140629,69,2,21.9,2,5.5,100
140630,57,2,20.8,2,5.7,102
140633,39,2,24,2,5.1,93
140635,44,2,18.1,2,5.2,85
140636,53,2,39.7,2,5,99
140641,43,2,34.2,2,5,95
140667,67,2,37.3,2,5.7,91
140683,44,1,24.6,2,5.5,86
140694,70,2,27.2,2,5.6,103
140697,49,2,28,2,5.5,87
140699,66,1,22.7,2,6,103
140703,40,1,18.7,2,5.1,114
140711,58,1,24.9,2,5.4,85
140720,61,2,33.6,2,6.9,130
140724,46,1,34.5,2,5.5,112
140730,65,1,24,2,5.3,90
140735,38,1,31.1,2,5,91
140742,65,2,40.2,2,5.6,98
140753,36,2,22.3,2,5.1,90
140754,65,2,30.7,2,4.7,106
140757,58,2,28.2,2,5.4,91
140758,35,1,27.9,2,5.8,88
140766,62,1,42,2,5.2,99
140775,41,1,28.4,2,5.3,108
140788,64,1,29,2,5.6,116
140792,56,1,23.7,2,6,97
140801,58,1,27.4,2,5.4,91
140803,57,2,21.8,2,5.2,82
140805,59,1,24.4,2,5.6,101
140817,44,1,24.8,2,5.2,101
140827,57,2,18.4,2,5.2,96
140831,41,1,29.5,2,5.2,102
140832,60,2,35.6,2,5.8,95
140833,62,2,30,2,5.8,117
140854,64,2,20.5,2,5.2,92
140856,66,2,33.4,2,5.6,103
140867,39,2,35.5,2,4.7,104
140871,47,2,21.3,2,4.7,94
140873,66,1,31.1,2,5.5,102
140878,64,2,20.7,2,5.8,105
140894,46,1,30.2,2,5.6,97
140895,62,2,27.4,2,5.5,104
140897,60,2,35.1,2,5.2,98
140905,68,2,37.6,2,5.7,103
140913,45,1,26.1,2,5.2,104
140915,67,1,20.3,2,5.4,108
140919,67,2,25.1,2,5.3,95
140924,60,1,28.5,2,5.4,122
140931,66,2,33.8,2,5.3,92
140935,52,2,40.5,2,5.7,104
140942,55,2,26.7,2,5.8,91
140946,56,1,31.2,2,5.2,100
140947,50,2,26.8,2,5.1,92
140953,40,2,22.4,2,5.8,87
140961,68,2,36.6,2,5.4,95
140975,62,1,26.7,2,5.7,102
140986,42,1,23.4,2,4.9,96
140989,43,2,21.2,2,4.8,84
140995,41,2,29,2,5.4,85
140997,52,2,38.3,2,5.3,91
141008,58,1,21.7,2,6.1,107
141012,36,1,23.3,2,5.3,93
141014,61,1,24.7,2,5.2,88
141032,45,1,24.2,2,4.6,87
141033,70,1,31.3,2,5.7,94
141041,55,2,30.7,2,5.7,108
141050,62,1,33.6,2,5.3,102
141058,42,1,26.3,2,4.7,89
141060,65,2,25.4,2,5.7,105
141061,44,2,23.7,2,4.9,91
141062,63,2,24.6,2,5.1,94
141065,50,1,30,2,6,99
141069,41,2,25.4,2,5.1,95
141071,42,1,27.4,2,5.4,96
141077,58,1,43.1,2,5.3,111
141081,70,1,31.9,2,6,120
141088,58,2,28,2,6,111
141095,38,2,24,2,5.3,95
141100,56,1,49.2,2,5.7,89
141101,59,2,31.2,2,5.6,92
141116,53,2,28.6,2,5.4,104
141122,46,1,29.2,2,5.5,102
141129,61,1,21.7,2,5.4,110
141130,59,2,27.7,2,5.8,104
141134,70,1,22,2,6.7,99
141135,68,2,28.9,2,6.7,110
141145,61,2,27.7,2,5.4,94
141148,48,1,35.3,2,4.9,100
141169,39,2,21.6,2,5,89
141170,70,1,32.9,2,5.6,83
141177,70,2,29.2,2,5.4,92
141178,59,2,31.2,2,6.3,116
141180,57,1,36.2,2,5.3,126
141196,54,2,33.7,2,5.2,105
141213,41,1,33.6,2,5.4,97
141232,53,1,26.7,2,6.2,98
141238,50,2,25.8,2,11.2,298
141249,45,2,27.8,2,5.1,94
141264,50,2,29.4,2,6.3,117
141269,48,1,31.6,2,5,106
141270,67,2,24.9,2,5.7,85
141275,61,2,24.2,2,6,102
141285,38,2,26.9,2,5,102
141290,62,1,27,2,5.5,104
141294,68,2,23.3,2,5.7,83
141295,61,2,22.9,2,5.3,97
141298,49,1,21.6,2,4.6,102
141306,45,1,29.7,2,6,96
141307,66,2,27.5,2,5.2,98
141309,55,1,29,2,5.4,115
141330,61,1,31.8,2,5.9,101
141353,56,2,37.7,2,5.6,115
141358,67,2,27.6,2,5.5,101
141372,68,1,31.2,2,5.1,97
141375,49,2,30.6,2,5,92
141378,35,1,31.1,2,5.4,92
141386,60,2,30.7,2,5.4,99
141387,40,2,23.8,2,5.7,98
141393,62,2,25.2,2,5.3,88
141401,58,2,30.1,2,5.7,108
141403,55,1,25.7,2,4.3,90
141405,70,2,25.3,2,5.2,103
141407,64,2,28.2,2,6,124
141408,42,2,21.3,2,4.8,88
141420,61,1,31.1,2,5.1,98
141431,65,1,41,2,5.6,103
141435,35,1,30.6,2,4.7,96
141446,52,2,29.8,2,5.6,116
141467,59,2,36.3,2,5.4,104
141469,64,1,29.5,2,4.9,107
141478,40,2,23.2,2,5.4,94
141485,65,2,32.1,2,5.5,107
141496,41,2,43.7,2,5.9,102
141497,46,2,37.9,2,5.3,104
141503,62,2,28.4,2,5.9,118
141510,35,1,27.1,2,5,90
141537,42,2,21.6,2,5.3,91
141549,48,2,26,2,5.4,102
141578,60,1,21.9,2,6.4,106
141581,62,2,47.5,2,5.8,137
141585,54,2,27.1,2,4.8,98
141591,57,1,25.9,2,5.8,105
141594,48,1,24.8,2,5.4,96
141595,43,2,17.8,2,5.1,114
141626,38,1,28.1,2,5.5,95
141628,58,2,33.2,2,4.1,113
141665,66,2,20,2,5.7,114
141672,46,1,19.8,2,5.5,99
141673,54,2,25,2,5.4,93
141678,55,1,30.3,2,5.2,95
141681,39,2,23.2,2,5.4,91
141684,54,2,31,2,5.4,106
141691,55,2,42.3,2,6,115
141709,63,2,39,2,5.5,104
141713,59,1,18.7,2,5.9,95
141723,41,2,35.2,2,6.3,116
141728,47,2,40,2,5.5,90
141732,65,1,25.9,2,6.2,113
141736,42,2,42.2,2,6.5,134
141737,51,1,35.5,2,4.7,113
141745,60,2,22,2,5.3,97
141750,59,2,36.5,2,6.3,132
141757,61,1,24,2,5.3,106
141765,59,2,29.5,2,5.2,102
141769,46,2,37.1,2,4.8,97
141770,36,2,29.6,2,5.3,93
141773,64,1,27.7,2,5.6,107
141795,39,2,32.9,2,5.7,91
141796,66,1,25.5,2,5.5,90
141812,55,2,31.8,2,5.2,95
141824,50,2,35.9,2,5.9,98
141834,40,1,26.7,2,5,103
141843,60,2,48.2,2,4.9,96
141844,45,2,26.4,2,5.8,108
141847,59,2,47.9,2,5.3,105
141860,62,2,29,2,5.5,89
141869,44,2,27.9,2,4.8,101
141872,35,2,29.3,2,4.6,95
141884,47,2,27.5,2,5,105
141885,70,2,32.3,2,6.5,128
141886,62,2,43.1,2,6,104
141903,56,1,24.7,2,5.5,97
141914,35,1,23.7,2,4.2,90
141921,64,2,27,2,5.4,101
141923,37,2,31.9,2,5,96
141938,37,1,23.6,2,5.1,79
141941,66,2,11.1,2,5.5,100
141951,60,1,27.4,2,5.7,103
141952,63,2,23.5,2,5.4,96
141957,64,1,33.1,2,6.3,141
141960,41,1,31.4,2,5.9,91
141966,62,1,48.8,2,5.9,109
141974,65,1,38.6,2,5.2,102
141976,64,2,33.6,2,5.4,99
141987,37,2,23.3,2,4.6,88
141999,60,2,35.2,2,5.8,100
142016,68,1,25.9,2,4.8,106
142036,67,2,43.8,2,6.6,114
142047,40,2,33.5,2,5.6,101
142051,51,2,30.7,2,5.6,90
142058,63,2,25.1,2,5.3,95
142060,43,2,34.4,2,5.6,91
142066,64,2,34.4,2,6,118
142095,60,1,23.5,2,6.3,115
142106,40,2,32.8,2,5.3,100
142107,61,1,30.3,2,5.2,105
142112,39,2,20.3,2,5.2,92
142132,62,2,24.7,2,5.5,99
142148,36,1,27.3,2,5.1,97
142152,53,2,37.7,2,5.8,81
142155,51,2,19.9,2,5.5,103
142176,65,1,27.7,2,5.7,111
142178,42,1,25.6,2,5.4,110
142185,69,2,30.6,2,5.2,94
142193,66,1,27.9,2,5.7,91
142198,68,1,29.7,2,5.4,99
142206,60,1,32.2,2,5.3,93
142213,59,2,21.8,2,5.4,89
142214,61,1,23.8,2,5.8,91
142221,69,1,27,2,5.2,94
142232,62,2,23.2,2,5.5,96
142236,62,2,27.2,2,5.6,97
142239,68,2,25.2,2,5.6,89
142242,70,2,17.7,2,5.4,82
142245,67,2,19.9,2,5.9,114
142247,43,1,26.6,2,4.8,96
142252,61,1,24.1,2,5.5,99
142255,70,2,24.5,2,5.8,93
142259,64,2,43,2,5.7,109
142263,44,2,22.6,2,5.4,85
142264,63,2,28.1,2,5.2,91
142267,57,1,23.8,2,5.2,105
142278,51,2,30.2,2,5.9,125
142287,70,1,23.8,2,5.6,103
142288,54,2,23.1,2,5.2,86
142300,46,2,32.6,2,5.1,95
142309,40,1,25.5,2,5.2,96
